,image,Q,A
1,synpic43984,is this a t1 weighted image?,no
3,synpic52143,is this a noncontrast mri?,no
8,synpic22829,was the ct scan taken with contrast?,yes
12,synpic28004,is this a ct scan?,yes
13,synpic51949,is this an mri image?,no
14,synpic45041,was gi contrast given to the patient?,no
15,synpic13026,was gi contrast given to the patient?,no
17,synpic21981,is this a ct scan?,no
20,synpic20556,is this an mri image?,no
22,synpic41586,is this a ct scan?,yes
24,synpic20868,is this a ct scan?,yes
27,synpic19981,was gi contrast given to the patient?,no
30,synpic43008,is this a ct scan?,no
31,synpic23493,is 	this a t1 weighted image?,yes
33,synpic26174,is this a ct scan?,yes
37,synpic47538,was gi contrast given to the patient?,no
41,synpic58842,is this a noncontrast ct?,yes
42,synpic38409,is this a ct scan?,yes
45,synpic46206,was the ct scan taken with contrast?,yes
48,synpic57262,is this an mri image?,no
49,synpic28983,was the ct scan taken with contrast?,no
55,synpic48977,is this a noncontrast mri?,no
56,synpic60337,was gi contrast given to the patient?,no
60,synpic30823,was the ct scan taken with contrast?,no
61,synpic49520,is this a noncontrast mri?,no
63,synpic45427,was the ct scan taken with contrast?,no
67,synpic43538,was iv contrast given to the patient?,yes
69,synpic18156,is this a ct scan?,no
72,synpic55500,is this an mri image?,no
76,synpic27214,was the ct scan taken with contrast?,yes
77,synpic48148,is this a ct scan?,yes
79,synpic31686,is this a ct scan?,yes
80,synpic33358,is this a ct scan?,yes
82,synpic30202,was gi contrast given to the patient?,no
92,synpic25493,is this a noncontrast ct?,no
99,synpic31721,was iv contrast given to the patient?,yes
100,synpic59388,is this a ct scan?,no
105,synpic20385,was gi contrast given to the patient?,no
108,synpic54829,was the ct scan taken with contrast?,no
109,synpic55507,was the ct scan taken with contrast?,no
112,synpic59332,is this a ct scan?,yes
113,synpic42195,is this a noncontrast mri?,yes
116,synpic50047,is this a noncontrast mri?,yes
119,synpic40860,is 	this a t1 weighted image?,yes
128,synpic17734,is this a ct scan?,yes
129,synpic21681,is this an mri image?,yes
132,synpic18635,was iv contrast given to the patient?,yes
134,synpic57969,is 	this a t1 weighted image?,yes
135,synpic47786,was iv contrast given to the patient?,yes
137,synpic34133,is this a t2 weighted image?,no
141,synpic32301,is this a t1 weighted image?,no
142,synpic15995,is this a noncontrast ct?,no
147,synpic19554,was iv contrast given to the patient?,yes
149,synpic56034,is this a noncontrast mri?,no
155,synpic40008,is this a noncontrast ct?,yes
157,synpic56844,is this a noncontrast mri?,no
161,synpic33179,was gi contrast given to the patient?,no
163,synpic25275,is this an mri image?,yes
164,synpic18627,was iv contrast given to the patient?,yes
165,synpic45446,is this a ct scan?,yes
167,synpic35745,was the mri taken with contrast?,yes
170,synpic50024,is this a noncontrast ct?,yes
171,synpic41562,is this a noncontrast ct?,yes
178,synpic61222,was iv contrast given to the patient?,yes
179,synpic16937,was the ct scan taken with contrast?,yes
184,synpic29624,is this a t2 weighted image?,no
190,synpic10588,is this a noncontrast ct?,yes
192,synpic33574,was gi contrast given to the patient?,no
193,synpic19753,is this a t1 weighted image?,no
194,synpic37692,was the mri taken with contrast?,yes
195,synpic34500,is this a ct scan?,yes
198,synpic13036,is this a ct scan?,yes
199,synpic18810,is this a noncontrast ct?,no
200,synpic47344,is this an mri image?,yes
203,synpic47722,is this a noncontrast ct?,no
205,synpic600,is 	this a t1 weighted image?,yes
207,synpic59403,is this an mri image?,yes
208,synpic29038,is this a t1 weighted image?,no
210,synpic29835,was iv contrast given to the patient?,yes
211,synpic28664,was iv contrast given to the patient?,yes
215,synpic43617,is this a ct scan?,yes
222,synpic19978,was the ct scan taken with contrast?,yes
223,synpic30387,is this a ct scan?,yes
224,synpic50837,is this a ct scan?,yes
227,synpic33843,was iv contrast given to the patient?,yes
229,synpic38319,was the ct scan taken with contrast?,no
230,synpic27745,was iv contrast given to the patient?,yes
240,synpic10769,is this an mri image?,yes
241,synpic34972,is 	this a t1 weighted image?,yes
243,synpic29691,was gi contrast given to the patient?,no
245,synpic58841,is this a ct scan?,yes
246,synpic40816,is this a noncontrast mri?,no
249,synpic43797,was iv contrast given to the patient?,yes
252,synpic57639,is this a t2 weighted image?,no
253,synpic53973,was the mri taken with contrast?,yes
254,synpic23091,is this a t2 weighted image?,no
259,synpic30700,was the ct scan taken with contrast?,yes
260,synpic37748,is this a ct scan?,yes
263,synpic41916,is this an mri image?,yes
265,synpic45921,is this an mri image?,no
270,synpic33504,is this an mri image?,no
272,synpic55723,was the mri taken with contrast?,no
273,synpic50742,is this a t2 weighted image?,no
274,synpic31251,was iv contrast given to the patient?,yes
279,synpic34859,is 	this a t1 weighted image?,yes
283,synpic28967,is this a noncontrast ct?,yes
285,synpic27259,is this an mri image?,no
286,synpic47203,is this a t2 weighted image?,no
287,synpic20793,is this a ct scan?,no
288,synpic28718,was iv contrast given to the patient?,yes
292,synpic14610,was the ct scan taken with contrast?,no
293,synpic48406,is this a noncontrast mri?,no
295,synpic31737,is this a ct scan?,yes
296,synpic49809,was the mri taken with contrast?,yes
297,synpic47620,is this a t2 weighted image?,no
298,synpic34806,was the mri taken with contrast?,no
299,synpic35603,was the mri taken with contrast?,no
300,synpic22237,is this a ct scan?,yes
306,synpic33910,is this an mri image?,yes
307,synpic33342,was iv contrast given to the patient?,yes
308,synpic55480,is this a noncontrast ct?,yes
314,synpic53585,is this an mri image?,yes
321,synpic41236,was the ct scan taken with contrast?,no
325,synpic26737,was iv contrast given to the patient?,yes
326,synpic18406,is this an mri image?,no
327,synpic36677,is this an mri image?,yes
328,synpic58906,is this a ct scan?,no
335,synpic26372,was the ct scan taken with contrast?,no
339,synpic28056,is this a ct scan?,yes
349,synpic33273,is this a ct scan?,yes
350,synpic28624,is this an mri image?,no
351,synpic59546,is this a noncontrast ct?,no
355,synpic57072,is this a t1 weighted image?,no
356,synpic34587,is 	this a t1 weighted image?,yes
357,synpic59198,is this an mri image?,no
361,synpic28793,was gi contrast given to the patient?,no
369,synpic51392,is this a t2 weighted image?,no
370,synpic32364,was gi contrast given to the patient?,no
371,synpic46232,is this a noncontrast ct?,yes
374,synpic30967,is this an mri image?,no
376,synpic40279,was the ct scan taken with contrast?,yes
381,synpic37969,is this a noncontrast mri?,yes
386,synpic43498,is 	this a t1 weighted image?,yes
388,synpic55701,is this a t2 weighted image?,no
389,synpic57293,is this a t2 weighted image?,no
390,synpic11415,is this a t2 weighted image?,no
393,synpic47630,is 	this a t1 weighted image?,yes
399,synpic28377,is this a noncontrast ct?,yes
401,synpic38757,is this a ct scan?,yes
403,synpic46524,was the ct scan taken with contrast?,no
404,synpic51612,is this a ct scan?,yes
407,synpic46480,is this a ct scan?,no
408,synpic40781,was gi contrast given to the patient?,no
410,synpic53447,is this a t1 weighted image?,no
411,synpic38248,is this a t2 weighted image?,no
412,synpic21483,is 	this a t1 weighted image?,yes
413,synpic16506,is 	this a t1 weighted image?,yes
416,synpic54982,is this a noncontrast mri?,yes
417,synpic28473,is this a noncontrast ct?,no
419,synpic42172,is this a ct scan?,yes
421,synpic32079,is this a t1 weighted image?,no
423,synpic51322,is this a noncontrast ct?,no
424,synpic42061,was the ct scan taken with contrast?,no
425,synpic57204,is this an mri image?,yes
432,synpic45606,was gi contrast given to the patient?,no
434,synpic51016,is this a noncontrast ct?,yes
437,synpic57419,is this a t2 weighted image?,no
442,synpic23599,is 	this a t1 weighted image?,yes
443,synpic55092,is this an mri image?,no
445,synpic48095,is this an mri image?,yes
446,synpic46858,was the mri taken with contrast?,yes
449,synpic36776,is this a t2 weighted image?,no
454,synpic37107,was the mri taken with contrast?,yes
455,synpic30922,is this a t1 weighted image?,no
459,synpic32265,is this a noncontrast ct?,yes
462,synpic27224,was gi contrast given to the patient?,no
464,synpic46832,is this a noncontrast ct?,yes
466,synpic31503,was the ct scan taken with contrast?,no
467,synpic56587,was the ct scan taken with contrast?,no
475,synpic50629,is this a noncontrast ct?,yes
479,synpic56157,was gi contrast given to the patient?,no
481,synpic57383,is this a ct scan?,no
482,synpic58867,is this an mri image?,no
483,synpic13277,is this a ct scan?,no
485,synpic17986,is this a ct scan?,yes
486,synpic19307,is this a t2 weighted image?,no
487,synpic22726,is this an mri image?,no
492,synpic43442,was the ct scan taken with contrast?,yes
495,synpic53333,is 	this a t1 weighted image?,yes
496,synpic47172,is this an mri image?,yes
499,synpic42307,is this a t1 weighted image?,no
502,synpic20062,was gi contrast given to the patient?,no
503,synpic44436,was the ct scan taken with contrast?,no
505,synpic28620,is this a noncontrast ct?,yes
506,synpic51913,is this a noncontrast mri?,yes
515,synpic42107,is 	this a t1 weighted image?,yes
518,synpic57885,was the ct scan taken with contrast?,no
522,synpic15437,is this a noncontrast ct?,no
526,synpic19790,is this a t2 weighted image?,no
528,synpic23222,is this a ct scan?,yes
531,synpic51468,is this a noncontrast mri?,yes
536,synpic20989,is this a noncontrast mri?,no
540,synpic19524,is this a t1 weighted image?,no
541,synpic28210,was the ct scan taken with contrast?,yes
545,synpic18218,is this a noncontrast mri?,yes
551,synpic35913,was iv contrast given to the patient?,yes
552,synpic53529,is this a t2 weighted image?,no
553,synpic36689,is this a noncontrast ct?,no
554,synpic51420,is this an mri image?,no
555,synpic56911,is this a t1 weighted image?,no
556,synpic14408,was gi contrast given to the patient?,no
568,synpic59696,is this a noncontrast mri?,yes
569,synpic28645,is this a ct scan?,yes
571,synpic47206,is this an mri image?,no
572,synpic31917,was the ct scan taken with contrast?,no
574,synpic53742,is this a t1 weighted image?,no
575,synpic25572,is 	this a t1 weighted image?,yes
580,synpic54372,was iv contrast given to the patient?,yes
581,synpic56359,is 	this a t1 weighted image?,yes
583,synpic36113,is this a t2 weighted image?,no
588,synpic45166,is this a t2 weighted image?,no
591,synpic57589,is this a t2 weighted image?,no
594,synpic13313,is this an mri image?,no
596,synpic33213,is this a t1 weighted image?,no
602,synpic31645,is this a t2 weighted image?,no
605,synpic28814,is this a ct scan?,yes
608,synpic33781,is this a noncontrast mri?,yes
610,synpic40285,is this a t1 weighted image?,no
617,synpic49961,is this a t2 weighted image?,no
619,synpic54698,was the ct scan taken with contrast?,no
620,synpic20554,is this an mri image?,no
622,synpic50648,was the ct scan taken with contrast?,no
626,synpic21598,is this a t1 weighted image?,no
631,synpic17817,was gi contrast given to the patient?,no
632,synpic41476,is this a ct scan?,yes
636,synpic56989,is 	this a t1 weighted image?,yes
637,synpic55023,is this a t1 weighted image?,no
638,synpic35805,is this a t1 weighted image?,no
639,synpic45987,was iv contrast given to the patient?,yes
640,synpic16080,is this a noncontrast ct?,no
643,synpic44983,was the ct scan taken with contrast?,no
650,synpic26478,is this a noncontrast ct?,no
651,synpic4182,was the ct scan taken with contrast?,no
653,synpic59043,was the ct scan taken with contrast?,no
654,synpic49078,was the mri taken with contrast?,yes
657,synpic40057,is this an mri image?,yes
658,synpic47726,is this a noncontrast ct?,no
661,synpic19574,was gi contrast given to the patient?,no
669,synpic13140,is this a noncontrast mri?,yes
670,synpic39974,is this a noncontrast ct?,yes
673,synpic52805,is 	this a t1 weighted image?,yes
674,synpic25388,is this a ct scan?,yes
675,synpic33221,is this an mri image?,no
677,synpic22672,was iv contrast given to the patient?,yes
678,synpic25217,is this a ct scan?,yes
680,synpic52564,is this a t2 weighted image?,no
683,synpic35309,is this a noncontrast ct?,yes
687,synpic47304,was the ct scan taken with contrast?,no
688,synpic37679,is this an mri image?,yes
689,synpic26555,was gi contrast given to the patient?,no
690,synpic54034,was the mri taken with contrast?,no
695,synpic25988,was the ct scan taken with contrast?,yes
696,synpic25564,is this a t2 weighted image?,no
702,synpic51472,was the ct scan taken with contrast?,no
704,synpic48096,was the mri taken with contrast?,yes
707,synpic20730,is this a noncontrast ct?,yes
711,synpic49094,was the ct scan taken with contrast?,no
715,synpic39026,is this a t2 weighted image?,no
716,synpic52991,was the ct scan taken with contrast?,yes
719,synpic49274,is this an mri image?,yes
723,synpic20471,is this a ct scan?,no
724,synpic56642,was the mri taken with contrast?,no
728,synpic19835,was iv contrast given to the patient?,yes
730,synpic53745,is this an mri image?,yes
735,synpic31577,is this a noncontrast ct?,yes
738,synpic19434,was the ct scan taken with contrast?,yes
741,synpic45998,was the ct scan taken with contrast?,yes
742,synpic33915,is this a t1 weighted image?,no
743,synpic36934,is this a t2 weighted image?,no
747,synpic48444,is this a t2 weighted image?,no
751,synpic37023,was iv contrast given to the patient?,yes
755,synpic25317,is this a t2 weighted image?,no
758,synpic54256,is this a ct scan?,no
762,synpic33891,is this a noncontrast ct?,no
763,synpic41104,is this a ct scan?,no
765,synpic32633,was the mri taken with contrast?,no
766,synpic43010,is this a ct scan?,yes
767,synpic57734,is this an mri image?,yes
772,synpic21870,is this an mri image?,no
774,synpic47686,was gi contrast given to the patient?,no
775,synpic41926,was the ct scan taken with contrast?,yes
777,synpic59883,is this an mri image?,no
778,synpic27982,is this a noncontrast ct?,yes
780,synpic29776,is 	this a t1 weighted image?,yes
782,synpic36924,is this a t1 weighted image?,no
785,synpic57460,is this a noncontrast ct?,no
786,synpic49495,is this an mri image?,yes
787,synpic48426,is this a t1 weighted image?,no
788,synpic57468,was gi contrast given to the patient?,no
790,synpic34849,is this a ct scan?,yes
792,synpic17574,is this an mri image?,no
799,synpic32875,is this a noncontrast ct?,no
800,synpic45717,is this a ct scan?,yes
802,synpic41377,is this a ct scan?,yes
805,synpic58797,is 	this a t1 weighted image?,yes
807,synpic31890,was iv contrast given to the patient?,yes
808,synpic18995,is this a t2 weighted image?,no
809,synpic59210,was the mri taken with contrast?,yes
811,synpic47225,was gi contrast given to the patient?,no
812,synpic41970,was the ct scan taken with contrast?,no
813,synpic34878,is this a noncontrast ct?,no
815,synpic33978,was gi contrast given to the patient?,no
816,synpic39757,is this an mri image?,no
817,synpic54809,is this a t2 weighted image?,no
821,synpic16731,is this a t2 weighted image?,no
823,synpic24341,is this a noncontrast ct?,yes
826,synpic29110,is this a ct scan?,yes
828,synpic48903,is this an mri image?,yes
831,synpic9327,was the ct scan taken with contrast?,no
833,synpic49090,is this a noncontrast ct?,yes
835,synpic25060,is this a t2 weighted image?,no
836,synpic30325,was iv contrast given to the patient?,yes
838,synpic15878,was the mri taken with contrast?,no
840,synpic23607,is this a noncontrast ct?,yes
847,synpic16425,was iv contrast given to the patient?,no
849,synpic27260,is this a noncontrast ct?,yes
851,synpic56893,is this a ct scan?,no
857,synpic54255,is this a t2 weighted image?,no
858,synpic32754,is this a noncontrast ct?,no
859,synpic41885,is this an mri image?,yes
871,synpic33284,is this an mri image?,no
872,synpic35740,is this a t2 weighted image?,no
878,synpic34900,is this a noncontrast ct?,yes
881,synpic21355,is this a t2 weighted image?,no
882,synpic57401,is this a noncontrast mri?,no
883,synpic25538,is this a ct scan?,yes
885,synpic29256,was gi contrast given to the patient?,no
886,synpic45662,was iv contrast given to the patient?,yes
887,synpic55239,is this a t2 weighted image?,no
888,synpic45661,was gi contrast given to the patient?,no
891,synpic54707,is this a t2 weighted image?,no
892,synpic38434,was the ct scan taken with contrast?,no
898,synpic32655,is this a ct scan?,yes
899,synpic20157,was iv contrast given to the patient?,yes
907,synpic31445,is this a ct scan?,yes
908,synpic45316,was the mri taken with contrast?,yes
910,synpic27967,is this a ct scan?,yes
911,synpic16607,is this a ct scan?,yes
913,synpic50626,is this a noncontrast ct?,yes
915,synpic27473,is this a t2 weighted image?,no
919,synpic45730,is this a ct scan?,yes
923,synpic35882,is this a t1 weighted image?,no
925,synpic60847,was the mri taken with contrast?,no
926,synpic38144,is this a ct scan?,yes
927,synpic24599,is this a t2 weighted image?,no
928,synpic43807,is this a ct scan?,yes
929,synpic12075,was gi contrast given to the patient?,no
930,synpic51621,is this a t2 weighted image?,no
931,synpic55149,is this a t2 weighted image?,no
932,synpic59868,is 	this a t1 weighted image?,yes
938,synpic45111,was gi contrast given to the patient?,no
939,synpic28965,is this a noncontrast ct?,yes
941,synpic46263,is this a noncontrast ct?,yes
943,synpic52280,was the ct scan taken with contrast?,no
946,synpic58781,is this a noncontrast ct?,yes
949,synpic46222,was iv contrast given to the patient?,yes
950,synpic25458,was iv contrast given to the patient?,yes
951,synpic40991,is this a noncontrast ct?,yes
959,synpic52528,is this a t2 weighted image?,no
960,synpic56673,is this a ct scan?,no
967,synpic50427,is 	this a t1 weighted image?,yes
969,synpic54466,is this a noncontrast ct?,yes
970,synpic53953,was the mri taken with contrast?,yes
972,synpic52688,is this an mri image?,yes
976,synpic29836,is this a noncontrast ct?,yes
977,synpic40877,is this a t2 weighted image?,no
978,synpic40318,was gi contrast given to the patient?,no
979,synpic22891,was the ct scan taken with contrast?,no
980,synpic37434,was gi contrast given to the patient?,no
984,synpic57402,is this an mri image?,yes
986,synpic53956,is 	this a t1 weighted image?,yes
987,synpic41182,is this a t2 weighted image?,no
994,synpic36124,is this a t1 weighted image?,no
1001,synpic45152,is this a t2 weighted image?,no
1004,synpic46519,is this a noncontrast mri?,no
1005,synpic21325,was iv contrast given to the patient?,yes
1015,synpic19599,is 	this a t1 weighted image?,yes
1016,synpic47969,was iv contrast given to the patient?,yes
1019,synpic39165,is this a t1 weighted image?,no
1020,synpic46969,is this a noncontrast ct?,yes
1021,synpic58527,is this a noncontrast mri?,no
1028,synpic43775,is this a ct scan?,yes
1029,synpic19204,is this a noncontrast mri?,yes
1033,synpic21416,was gi contrast given to the patient?,no
1034,synpic25177,is this a ct scan?,yes
1036,synpic48418,is this a ct scan?,no
1037,synpic60186,was the ct scan taken with contrast?,yes
1039,synpic45303,is this a t1 weighted image?,no
1040,synpic19770,is 	this a t1 weighted image?,yes
1044,synpic33826,is this a ct scan?,no
1047,synpic34038,is this a t2 weighted image?,no
1053,synpic24935,is this an mri image?,no
1055,synpic26463,is this a t1 weighted image?,no
1056,synpic26641,is this a ct scan?,yes
1057,synpic60520,was iv contrast given to the patient?,yes
1059,synpic12943,is this a t2 weighted image?,no
1060,synpic28521,is this an mri image?,no
1061,synpic40489,is this an mri image?,yes
1062,synpic34124,is this a ct scan?,yes
1064,synpic41661,is this a t2 weighted image?,no
1065,synpic56649,is 	this a t1 weighted image?,yes
1068,synpic45955,is 	this a t1 weighted image?,yes
1074,synpic37027,was gi contrast given to the patient?,no
1075,synpic41703,is this a ct scan?,no
1078,synpic24745,was the ct scan taken with contrast?,yes
1081,synpic21884,is this a t2 weighted image?,no
1082,synpic45532,was iv contrast given to the patient?,yes
1083,synpic48074,was the ct scan taken with contrast?,yes
1088,synpic29199,was the ct scan taken with contrast?,no
1090,synpic33652,is this a noncontrast mri?,yes
1093,synpic39705,was the mri taken with contrast?,yes
1097,synpic23644,is this a t2 weighted image?,no
1099,synpic46314,is this an mri image?,yes
1101,synpic59723,is this an mri image?,yes
1105,synpic30978,is this a t1 weighted image?,no
1106,synpic27148,is this an mri image?,yes
1108,synpic50101,was gi contrast given to the patient?,no
1114,synpic55773,is 	this a t1 weighted image?,yes
1119,synpic46594,is this a ct scan?,yes
1120,synpic37898,is this a ct scan?,yes
1126,synpic40555,was the ct scan taken with contrast?,yes
1127,synpic51094,was the mri taken with contrast?,no
1129,synpic17392,is this a noncontrast ct?,no
1131,synpic39634,is this a t1 weighted image?,no
1134,synpic24308,was iv contrast given to the patient?,yes
1135,synpic44128,was gi contrast given to the patient?,no
1136,synpic48363,is this a ct scan?,yes
1137,synpic53519,was the mri taken with contrast?,no
1139,synpic20391,was gi contrast given to the patient?,no
1140,synpic49265,is this a t2 weighted image?,no
1141,synpic41048,is 	this a t1 weighted image?,yes
1145,synpic25527,is this a noncontrast ct?,no
1148,synpic56419,is this a noncontrast mri?,no
1152,synpic18727,was iv contrast given to the patient?,yes
1154,synpic24059,was the ct scan taken with contrast?,yes
1155,synpic57263,was the ct scan taken with contrast?,no
1157,synpic20181,is this a t1 weighted image?,no
1159,synpic18049,was the ct scan taken with contrast?,yes
1160,synpic26536,was iv contrast given to the patient?,yes
1165,synpic22548,is this an mri image?,no
1166,synpic16567,is this a ct scan?,yes
1173,synpic50880,is this a noncontrast ct?,yes
1174,synpic26196,was iv contrast given to the patient?,yes
1177,synpic47035,is this a noncontrast ct?,yes
1179,synpic16874,was iv contrast given to the patient?,yes
1180,synpic56865,is this a t2 weighted image?,no
1181,synpic41906,is this a noncontrast ct?,no
1183,synpic61227,was gi contrast given to the patient?,no
1184,synpic46415,was the mri taken with contrast?,yes
1186,synpic18437,was iv contrast given to the patient?,no
1189,synpic36419,was the ct scan taken with contrast?,yes
1191,synpic52458,was the mri taken with contrast?,yes
1192,synpic23359,was the ct scan taken with contrast?,no
1193,synpic40671,was the ct scan taken with contrast?,no
1195,synpic55233,was the mri taken with contrast?,no
1196,synpic21438,is this a ct scan?,yes
1206,synpic20347,is this a noncontrast ct?,yes
1209,synpic49910,is this a t2 weighted image?,no
1210,synpic52357,was the mri taken with contrast?,yes
1212,synpic48976,is this a noncontrast mri?,no
1213,synpic40855,is this a ct scan?,yes
1214,synpic46502,is this a t1 weighted image?,no
1219,synpic22194,is this an mri image?,no
1222,synpic27246,was the ct scan taken with contrast?,no
1224,synpic49995,is this a t1 weighted image?,no
1226,synpic49546,is this a noncontrast ct?,no
1236,synpic57356,is this a t2 weighted image?,no
1237,synpic23672,is this a noncontrast mri?,yes
1241,synpic49451,was the ct scan taken with contrast?,yes
1243,synpic40952,is this a ct scan?,yes
1246,synpic23776,was the ct scan taken with contrast?,no
1250,synpic34858,is this an mri image?,yes
1251,synpic49990,is this a noncontrast ct?,yes
1252,synpic41415,is this a ct scan?,no
1256,synpic34953,was the mri taken with contrast?,no
1257,synpic47700,is this a noncontrast ct?,yes
1258,synpic56128,was the ct scan taken with contrast?,no
1259,synpic48365,is 	this a t1 weighted image?,yes
1263,synpic1098,is this a t2 weighted image?,no
1266,synpic27231,is this a ct scan?,yes
1267,synpic39885,is this a noncontrast ct?,no
1269,synpic56487,is this an mri image?,no
1272,synpic31166,is this a noncontrast mri?,no
1274,synpic28847,is this an mri image?,no
1275,synpic34504,is this a t1 weighted image?,no
1276,synpic37732,was the ct scan taken with contrast?,no
1279,synpic19763,is this a ct scan?,yes
1283,synpic59956,is this a t1 weighted image?,no
1284,synpic20551,is this an mri image?,no
1295,synpic17397,is this a noncontrast ct?,yes
1300,synpic52438,is this an mri image?,yes
1302,synpic39523,is this an mri image?,no
1305,synpic48575,is this a t1 weighted image?,no
1306,synpic42062,is this an mri image?,no
1307,synpic18255,is this a t1 weighted image?,no
1308,synpic60656,was the ct scan taken with contrast?,no
1310,synpic34812,is this a ct scan?,no
1313,synpic46865,is this a t2 weighted image?,no
1314,synpic38315,is this a ct scan?,yes
1315,synpic41697,is this a t2 weighted image?,no
1318,synpic25168,was the mri taken with contrast?,no
1319,synpic25104,was gi contrast given to the patient?,no
1322,synpic60659,is this a ct scan?,yes
1327,synpic55643,was the mri taken with contrast?,yes
1329,synpic47171,is this an mri image?,yes
1330,synpic25183,is 	this a t1 weighted image?,yes
1337,synpic36070,is this a t1 weighted image?,no
1340,synpic15124,is this a t2 weighted image?,no
1347,synpic58470,is this an mri image?,yes
1348,synpic13653,is this a noncontrast ct?,no
1350,synpic55323,is this a ct scan?,no
1352,synpic51299,is this a ct scan?,yes
1356,synpic40375,is this a t2 weighted image?,no
1357,synpic18158,was gi contrast given to the patient?,no
1361,synpic60839,is this a t1 weighted image?,no
1362,synpic40793,is 	this a t1 weighted image?,yes
1365,synpic32183,is this a ct scan?,yes
1366,synpic53167,is this an mri image?,yes
1367,synpic51450,is this a ct scan?,yes
1370,synpic33650,is this a ct scan?,yes
1372,synpic36187,is this a ct scan?,yes
1373,synpic60476,is this an mri image?,no
1382,synpic18934,is this a noncontrast mri?,yes
1383,synpic34134,is this a t1 weighted image?,no
1386,synpic55840,is this a t1 weighted image?,no
1387,synpic51458,is this a noncontrast ct?,no
1389,synpic55844,is 	this a t1 weighted image?,yes
1390,synpic41290,is this a t2 weighted image?,no
1391,synpic28034,is this a ct scan?,no
1393,synpic33770,was the ct scan taken with contrast?,no
1394,synpic32288,was gi contrast given to the patient?,no
1395,synpic23218,was the ct scan taken with contrast?,yes
1397,synpic53878,is this a ct scan?,yes
1398,synpic29226,is this a t1 weighted image?,no
1399,synpic56554,is this a noncontrast mri?,yes
1400,synpic28477,was gi contrast given to the patient?,no
1402,synpic28611,is this a noncontrast ct?,no
1405,synpic33385,is this an mri image?,yes
1415,synpic57799,is this an mri image?,no
1424,synpic20710,is this a noncontrast mri?,yes
1425,synpic37624,is this a t2 weighted image?,no
1429,synpic36467,is this a t1 weighted image?,no
1436,synpic58647,is this an mri image?,no
1438,synpic41469,is this an mri image?,yes
1440,synpic58556,is this a noncontrast ct?,yes
1441,synpic49375,is this an mri image?,no
1442,synpic30275,is this a ct scan?,no
1447,synpic60487,is this a t1 weighted image?,no
1449,synpic54654,is this a ct scan?,no
1450,synpic41223,is this a noncontrast mri?,yes
1451,synpic53160,was iv contrast given to the patient?,yes
1453,synpic59343,was gi contrast given to the patient?,no
1458,synpic16430,is this a t1 weighted image?,no
1461,synpic41133,was the ct scan taken with contrast?,yes
1473,synpic55102,was the ct scan taken with contrast?,no
1477,synpic55450,was the ct scan taken with contrast?,no
1479,synpic43239,was the mri taken with contrast?,no
1481,synpic51082,is this a ct scan?,yes
1482,synpic13027,was gi contrast given to the patient?,no
1483,synpic53811,is this a ct scan?,no
1491,synpic54127,was iv contrast given to the patient?,yes
1492,synpic51194,is this a ct scan?,no
1496,synpic60794,was the mri taken with contrast?,yes
1497,synpic57080,is this a ct scan?,no
1498,synpic19980,was the ct scan taken with contrast?,yes
1503,synpic56144,is this a noncontrast mri?,no
1504,synpic53486,was the ct scan taken with contrast?,no
1506,synpic48704,is this a noncontrast mri?,yes
1510,synpic45147,is this a t1 weighted image?,no
1514,synpic26483,was iv contrast given to the patient?,yes
1517,synpic16199,is this a noncontrast ct?,no
1518,synpic31411,was the ct scan taken with contrast?,no
1524,synpic21376,is this a noncontrast mri?,yes
1525,synpic34910,is this a t2 weighted image?,no
1526,synpic58789,was the ct scan taken with contrast?,no
1536,synpic41616,is this an mri image?,no
1538,synpic17905,was the ct scan taken with contrast?,no
1541,synpic51968,is this an mri image?,no
1542,synpic51475,is this an mri image?,no
1545,synpic28146,is this an mri image?,no
1548,synpic41041,was the mri taken with contrast?,yes
1549,synpic59602,was the mri taken with contrast?,yes
1553,synpic58975,is this a ct scan?,no
1554,synpic37858,was the mri taken with contrast?,no
1558,synpic15614,is this an mri image?,no
1560,synpic46899,is this an mri image?,yes
1564,synpic28086,is this a noncontrast ct?,yes
1566,synpic56958,is this a noncontrast ct?,yes
1567,synpic59430,is this a t1 weighted image?,no
1568,synpic28208,is this a ct scan?,yes
1570,synpic34544,is this an mri image?,yes
1573,synpic56796,is this an mri image?,no
1575,synpic57440,is 	this a t1 weighted image?,yes
1576,synpic55114,is this a t2 weighted image?,no
1578,synpic55555,was the mri taken with contrast?,no
1581,synpic18546,is this an mri image?,no
1582,synpic51099,is this a ct scan?,yes
1587,synpic46366,is this a noncontrast ct?,no
1588,synpic43533,is this an mri image?,no
1589,synpic55155,was the mri taken with contrast?,no
1591,synpic48345,is this a noncontrast mri?,no
1592,synpic59654,is this a ct scan?,yes
1593,synpic28995,is this a noncontrast ct?,no
1594,synpic23479,is this an mri image?,no
1595,synpic47260,is this a ct scan?,no
1599,synpic24344,is this a t2 weighted image?,no
1602,synpic21902,was gi contrast given to the patient?,no
1605,synpic26176,was iv contrast given to the patient?,yes
1610,synpic100469,is this a ct scan?,yes
1622,synpic53911,is this a ct scan?,no
1623,synpic39607,is this a t2 weighted image?,no
1626,synpic55315,is this a noncontrast mri?,yes
1627,synpic17481,was the ct scan taken with contrast?,no
1628,synpic50333,was iv contrast given to the patient?,yes
1629,synpic57750,is this a ct scan?,no
1634,synpic23548,is this a t1 weighted image?,no
1636,synpic59661,is this a noncontrast ct?,yes
1637,synpic44453,is this an mri image?,no
1638,synpic53934,is this a t2 weighted image?,no
1639,synpic55796,was the mri taken with contrast?,no
1640,synpic46713,was the ct scan taken with contrast?,no
1643,synpic42990,was the ct scan taken with contrast?,no
1645,synpic54070,is this a ct scan?,yes
1650,synpic17883,is this a noncontrast ct?,yes
1652,synpic59899,is this an mri image?,yes
1653,synpic27027,is this an mri image?,no
1656,synpic41680,is this a ct scan?,no
1660,synpic59350,is this a ct scan?,yes
1664,synpic37612,is 	this a t1 weighted image?,yes
1669,synpic33537,is this a ct scan?,yes
1670,synpic48141,was the mri taken with contrast?,yes
1671,synpic59549,is this a noncontrast ct?,yes
1673,synpic37325,is 	this a t1 weighted image?,yes
1674,synpic27085,was iv contrast given to the patient?,yes
1676,synpic25103,is this a t2 weighted image?,no
1677,synpic35849,is this an mri image?,yes
1678,synpic53587,was the mri taken with contrast?,no
1679,synpic56139,is this a ct scan?,no
1681,synpic38373,is 	this a t1 weighted image?,yes
1682,synpic55798,is this a ct scan?,no
1685,synpic31993,is 	this a t1 weighted image?,yes
1686,synpic57366,was the mri taken with contrast?,no
1688,synpic42021,is this a noncontrast mri?,yes
1692,synpic39243,is this a ct scan?,no
1695,synpic29818,is this a t1 weighted image?,no
1708,synpic42149,is this a ct scan?,yes
1709,synpic42226,was the ct scan taken with contrast?,yes
1712,synpic59710,was gi contrast given to the patient?,no
1713,synpic19616,was the ct scan taken with contrast?,yes
1717,synpic40577,was the ct scan taken with contrast?,no
1718,synpic46859,is this a ct scan?,no
1720,synpic41485,is this a t2 weighted image?,no
1722,synpic22765,is this a noncontrast ct?,no
1726,synpic38730,is this a noncontrast ct?,no
1727,synpic57586,is this an mri image?,no
1728,synpic37136,is this a t2 weighted image?,no
1731,synpic21721,is this an mri image?,yes
1732,synpic30977,was gi contrast given to the patient?,no
1734,synpic39793,is this an mri image?,no
1742,synpic49377,is this an mri image?,no
1743,synpic55040,is this a ct scan?,no
1745,synpic56651,is this a ct scan?,yes
1747,synpic37275,was iv contrast given to the patient?,yes
1753,synpic41412,was the mri taken with contrast?,yes
1755,synpic39767,is this a noncontrast mri?,yes
1756,synpic55053,is this a t2 weighted image?,no
1761,synpic42581,was the ct scan taken with contrast?,no
1762,synpic45995,was gi contrast given to the patient?,no
1767,synpic24148,was iv contrast given to the patient?,yes
1772,synpic57077,is this an mri image?,yes
1775,synpic41337,is this a t1 weighted image?,no
1782,synpic55646,is this a t1 weighted image?,no
1783,synpic45913,is this a noncontrast ct?,yes
1784,synpic34261,is this an mri image?,yes
1789,synpic33840,is this a ct scan?,yes
1793,synpic17091,is this an mri image?,no
1797,synpic54051,was the mri taken with contrast?,yes
1798,synpic45441,is this a ct scan?,yes
1799,synpic21933,is this a ct scan?,no
1801,synpic19890,is this an mri image?,no
1802,synpic36125,is this a t2 weighted image?,no
1804,synpic23349,was gi contrast given to the patient?,no
1806,synpic31072,was the ct scan taken with contrast?,yes
1813,synpic34002,was the ct scan taken with contrast?,yes
1815,synpic34801,was the mri taken with contrast?,yes
1816,synpic33929,is this a ct scan?,yes
1817,synpic56444,is this a t2 weighted image?,no
1820,synpic26007,is this a ct scan?,yes
1822,synpic38326,is this a ct scan?,yes
1828,synpic21333,is this an mri image?,yes
1829,synpic36058,is this a noncontrast ct?,yes
1833,synpic48887,is this a t2 weighted image?,no
1834,synpic49022,is this a noncontrast mri?,no
1840,synpic39594,is this an mri image?,yes
1846,synpic55020,is this a t2 weighted image?,no
1848,synpic45994,was gi contrast given to the patient?,no
1849,synpic22389,is this a ct scan?,yes
1851,synpic52040,is this a ct scan?,no
1856,synpic59844,was the ct scan taken with contrast?,no
1857,synpic55004,is 	this a t1 weighted image?,yes
1858,synpic22234,was the ct scan taken with contrast?,yes
1859,synpic55263,is this a ct scan?,yes
1861,synpic50798,was the mri taken with contrast?,yes
1863,synpic33747,is this an mri image?,no
1864,synpic15825,is this a ct scan?,yes
1867,synpic61243,is this a ct scan?,no
1868,synpic25323,is 	this a t1 weighted image?,yes
1870,synpic26605,is this a t2 weighted image?,no
1872,synpic52120,is this an mri image?,yes
1875,synpic34050,was the ct scan taken with contrast?,yes
1883,synpic27717,is this a t1 weighted image?,no
1884,synpic53179,is this a noncontrast ct?,yes
1885,synpic40756,is this a noncontrast ct?,yes
1893,synpic19454,was the mri taken with contrast?,yes
1894,synpic31158,was the ct scan taken with contrast?,yes
1896,synpic30876,is this a noncontrast ct?,no
1898,synpic51706,is this a ct scan?,yes
1900,synpic21317,is this an mri image?,yes
1901,synpic52572,is this a t2 weighted image?,no
1902,synpic40995,is this a noncontrast ct?,yes
1903,synpic18124,is this a t1 weighted image?,no
1904,synpic42261,is this a noncontrast ct?,no
1911,synpic41191,is this a t2 weighted image?,no
1913,synpic56016,is 	this a t1 weighted image?,yes
1915,synpic34412,is this a noncontrast mri?,no
1916,synpic44943,was the mri taken with contrast?,yes
1917,synpic48179,is this a noncontrast ct?,no
1918,synpic53812,is this a noncontrast mri?,yes
1919,synpic49802,is this a ct scan?,no
1922,synpic53788,is this an mri image?,yes
1923,synpic24697,was the mri taken with contrast?,no
1924,synpic38896,is this a noncontrast ct?,no
1925,synpic45982,is this a noncontrast ct?,yes
1928,synpic60410,was the ct scan taken with contrast?,yes
1931,synpic56675,is 	this a t1 weighted image?,yes
1932,synpic55078,is this a t2 weighted image?,no
1933,synpic55680,was the ct scan taken with contrast?,no
1935,synpic19581,was the ct scan taken with contrast?,no
1938,synpic55906,is this a t2 weighted image?,no
1939,synpic20532,was iv contrast given to the patient?,yes
1941,synpic51871,is this a noncontrast ct?,no
1942,synpic46477,is this a t2 weighted image?,no
1948,synpic35909,was gi contrast given to the patient?,no
1950,synpic40992,is this an mri image?,no
1951,synpic21321,is this a ct scan?,no
1955,synpic14963,was the ct scan taken with contrast?,yes
1960,synpic58167,was the mri taken with contrast?,yes
1962,synpic46659,was gi contrast given to the patient?,no
1965,synpic47727,was the ct scan taken with contrast?,yes
1968,synpic40873,is this an mri image?,yes
1969,synpic32106,is this a ct scan?,no
1971,synpic28724,was gi contrast given to the patient?,no
1972,synpic34823,is this an mri image?,yes
1974,synpic47289,is this a t2 weighted image?,no
1975,synpic44357,is this a t2 weighted image?,no
1977,synpic48672,is this an mri image?,yes
1986,synpic55322,is 	this a t1 weighted image?,yes
1989,synpic40393,was the mri taken with contrast?,no
1991,synpic59476,is this a noncontrast mri?,no
1994,synpic53630,was the mri taken with contrast?,yes
1995,synpic36503,is this a noncontrast ct?,yes
1999,synpic35162,was the mri taken with contrast?,no
2000,synpic24058,was iv contrast given to the patient?,yes
2003,synpic49276,is this a t1 weighted image?,no
2004,synpic13035,was iv contrast given to the patient?,yes
2009,synpic19163,is this a t2 weighted image?,no
2010,synpic25326,is this an mri image?,yes
2011,synpic39919,is this a noncontrast ct?,yes
2013,synpic49386,was the mri taken with contrast?,no
2018,synpic9892,was the ct scan taken with contrast?,yes
2021,synpic39649,was the ct scan taken with contrast?,yes
2025,synpic59738,is this an mri image?,yes
2032,synpic34371,was iv contrast given to the patient?,yes
2033,synpic18884,is this a ct scan?,no
2034,synpic56634,is this a t1 weighted image?,no
2042,synpic46834,is this a noncontrast ct?,yes
2052,synpic56520,is this a t2 weighted image?,no
2053,synpic41686,is this a noncontrast mri?,no
2054,synpic27051,is this a noncontrast mri?,yes
2059,synpic41554,is this an mri image?,yes
2061,synpic45981,is this a ct scan?,yes
2063,synpic56573,is this a t2 weighted image?,no
2064,synpic50789,is this a t1 weighted image?,no
2068,synpic51255,is this a t2 weighted image?,no
2075,synpic33714,is this a t1 weighted image?,no
2078,synpic46264,is this an mri image?,no
2087,synpic55342,is this a noncontrast mri?,no
2088,synpic43679,is this an mri image?,no
2090,synpic45484,is this a ct scan?,yes
2092,synpic53083,was the ct scan taken with contrast?,yes
2094,synpic49988,is this a noncontrast ct?,yes
2096,synpic59468,is this a t1 weighted image?,no
2097,synpic47258,is this an mri image?,yes
2100,synpic28220,was the ct scan taken with contrast?,yes
2101,synpic52243,is this an mri image?,no
2109,synpic31514,is this a ct scan?,yes
2110,synpic54990,was the ct scan taken with contrast?,no
2111,synpic28031,is this a ct scan?,yes
2115,synpic56695,is this a t1 weighted image?,no
2116,synpic38562,was the mri taken with contrast?,yes
2118,synpic55097,was the ct scan taken with contrast?,no
2120,synpic42019,is this an mri image?,no
2122,synpic57815,was the mri taken with contrast?,yes
2123,synpic51003,is this a noncontrast ct?,yes
2125,synpic39658,was the ct scan taken with contrast?,no
2126,synpic50736,is this a noncontrast ct?,no
2127,synpic45952,is this a noncontrast ct?,yes
2129,synpic51824,is this a ct scan?,yes
2134,synpic16441,is this a ct scan?,yes
2135,synpic41203,is this a t1 weighted image?,no
2145,synpic32112,was the ct scan taken with contrast?,yes
2146,synpic26325,is this a noncontrast mri?,yes
2147,synpic35168,was the ct scan taken with contrast?,no
2149,synpic18994,is this a t2 weighted image?,no
2157,synpic16984,is this an mri image?,no
2159,synpic16608,is this an mri image?,no
2160,synpic59806,is this a noncontrast mri?,yes
2163,synpic35998,is this an mri image?,no
2166,synpic34151,was gi contrast given to the patient?,no
2168,synpic53306,is this a noncontrast mri?,yes
2169,synpic49804,is this a t2 weighted image?,no
2178,synpic45471,is this an mri image?,yes
2180,synpic55677,was the ct scan taken with contrast?,no
2182,synpic57362,was the mri taken with contrast?,yes
2184,synpic31928,is this a t1 weighted image?,no
2186,synpic26387,is this a noncontrast ct?,no
2190,synpic31438,is this a ct scan?,yes
2193,synpic59562,is 	this a t1 weighted image?,yes
2194,synpic59017,is this a ct scan?,no
2196,synpic21857,was gi contrast given to the patient?,no
2197,synpic57480,is this a t2 weighted image?,no
2198,synpic25518,was the ct scan taken with contrast?,yes
2203,synpic27238,was the ct scan taken with contrast?,no
2205,synpic20741,is this a noncontrast ct?,no
2207,synpic18141,is this a ct scan?,yes
2211,synpic39703,is this a t2 weighted image?,no
2213,synpic45929,was the ct scan taken with contrast?,no
2217,synpic52275,is this a t2 weighted image?,no
2218,synpic25301,is this a ct scan?,yes
2220,synpic29197,was the ct scan taken with contrast?,no
2225,synpic19555,was the ct scan taken with contrast?,yes
2235,synpic58314,is this a ct scan?,no
2241,synpic26311,is this an mri image?,no
2243,synpic31978,is this a noncontrast mri?,yes
2248,synpic19464,is 	this a t1 weighted image?,yes
2251,synpic60798,is 	this a t1 weighted image?,yes
2254,synpic49363,was the mri taken with contrast?,no
2255,synpic56922,is this a t2 weighted image?,no
2257,synpic53311,is 	this a t1 weighted image?,yes
2265,synpic49026,is this a t1 weighted image?,no
2267,synpic25418,is this an mri image?,no
2268,synpic50740,is this a t1 weighted image?,no
2271,synpic57482,is this a t2 weighted image?,no
2272,synpic56732,is this a noncontrast ct?,yes
2273,synpic56035,is this a ct scan?,no
2274,synpic58466,is this a t2 weighted image?,no
2275,synpic55460,is this a noncontrast ct?,yes
2276,synpic12143,is this a t1 weighted image?,no
2277,synpic13488,was the mri taken with contrast?,no
2278,synpic46240,is this a t1 weighted image?,no
2285,synpic40742,was iv contrast given to the patient?,yes
2288,synpic21330,is this a t2 weighted image?,no
2289,synpic50678,is this a noncontrast mri?,yes
2291,synpic44727,is this a noncontrast mri?,yes
2297,synpic27650,is 	this a t1 weighted image?,yes
2298,synpic54588,is this a t2 weighted image?,no
2299,synpic13430,is this an mri image?,no
2302,synpic57064,is this a t2 weighted image?,no
2306,synpic51056,was the ct scan taken with contrast?,no
2307,synpic26930,is this a t1 weighted image?,no
2308,synpic45923,is this a noncontrast mri?,no
2313,synpic38310,is this a noncontrast ct?,yes
2317,synpic56201,is this a t2 weighted image?,no
2318,synpic26679,was iv contrast given to the patient?,yes
2320,synpic18414,is 	this a t1 weighted image?,yes
2321,synpic16873,is this a noncontrast ct?,no
2323,synpic16200,is this a ct scan?,yes
2324,synpic59382,is this an mri image?,yes
2327,synpic25499,is this a ct scan?,yes
2330,synpic39654,was the ct scan taken with contrast?,no
2331,synpic51610,is this a ct scan?,yes
2333,synpic53066,was the mri taken with contrast?,no
2338,synpic47594,is this a t1 weighted image?,no
2343,synpic40735,is 	this a t1 weighted image?,yes
2349,synpic16225,was iv contrast given to the patient?,yes
2356,synpic32840,is this a t2 weighted image?,no
2357,synpic28026,is this a noncontrast mri?,no
2359,synpic18764,is this a ct scan?,no
2361,synpic16195,is this a ct scan?,yes
2364,synpic40047,is this a noncontrast mri?,yes
2365,synpic47420,is this a noncontrast ct?,no
2366,synpic47528,is this a noncontrast mri?,yes
2370,synpic59843,is this an mri image?,no
2371,synpic17812,is this a noncontrast ct?,no
2372,synpic41800,is this a t1 weighted image?,no
2374,synpic16420,was iv contrast given to the patient?,no
2375,synpic46497,is this an mri image?,no
2377,synpic36936,is this a noncontrast mri?,yes
2378,synpic58981,is 	this a t1 weighted image?,yes
2381,synpic49086,is this an mri image?,no
2383,synpic53259,is this a ct scan?,yes
2386,synpic37078,is this a noncontrast ct?,yes
2387,synpic33272,is this a noncontrast ct?,yes
2390,synpic24718,is 	this a t1 weighted image?,yes
2392,synpic37626,is this an mri image?,yes
2394,synpic16704,is this a noncontrast ct?,no
2398,synpic53776,is 	this a t1 weighted image?,yes
2401,synpic54131,was the mri taken with contrast?,no
2404,synpic41331,is this a noncontrast mri?,yes
2410,synpic49820,is this a t2 weighted image?,no
2411,synpic52018,is this a ct scan?,yes
2419,synpic33517,is this a noncontrast mri?,yes
2423,synpic40903,is this a noncontrast mri?,no
2426,synpic57733,is this a noncontrast mri?,yes
2429,synpic25432,was the ct scan taken with contrast?,no
2431,synpic33373,is this a noncontrast ct?,yes
2434,synpic30717,is this an mri image?,yes
2440,synpic38276,is this a ct scan?,yes
2441,synpic30351,is this an mri image?,no
2442,synpic33990,is this a t1 weighted image?,no
2443,synpic32274,is this a noncontrast ct?,yes
2445,synpic36069,is this a t2 weighted image?,no
2447,synpic38141,is this an mri image?,no
2448,synpic53182,was the ct scan taken with contrast?,no
2449,synpic52090,is this a t1 weighted image?,no
2452,synpic56781,is 	this a t1 weighted image?,yes
2455,synpic53683,is this a noncontrast mri?,no
2460,synpic46857,was the mri taken with contrast?,yes
2467,synpic50966,is 	this a t1 weighted image?,yes
2471,synpic45054,is this an mri image?,yes
2472,synpic61287,was the ct scan taken with contrast?,yes
2473,synpic60629,is this a ct scan?,no
2478,synpic17266,is this a t2 weighted image?,no
2480,synpic36318,is this a ct scan?,yes
2482,synpic48813,is this a ct scan?,yes
2483,synpic43623,was gi contrast given to the patient?,no
2495,synpic52292,was the ct scan taken with contrast?,yes
2500,synpic45121,was iv contrast given to the patient?,yes
2507,synpic51227,is 	this a t1 weighted image?,yes
2511,synpic45393,was the mri taken with contrast?,no
2517,synpic45691,is this a ct scan?,yes
2522,synpic58796,is this a ct scan?,yes
2524,synpic27917,is this a noncontrast ct?,yes
2526,synpic26969,is this a t2 weighted image?,no
2527,synpic21352,is this a t1 weighted image?,no
2529,synpic23178,is this an mri image?,no
2530,synpic39483,was the mri taken with contrast?,yes
2535,synpic47867,is this an mri image?,no
2536,synpic46434,was the ct scan taken with contrast?,yes
2540,synpic55404,is this a ct scan?,yes
2541,synpic45999,is this a ct scan?,yes
2551,synpic27377,was gi contrast given to the patient?,no
2554,synpic40823,is this an mri image?,yes
2555,synpic38293,was the ct scan taken with contrast?,no
2556,synpic51544,is this a ct scan?,yes
2558,synpic39976,is this a ct scan?,yes
2560,synpic27244,is this a ct scan?,yes
2565,synpic16565,is this a noncontrast ct?,no
2575,synpic55261,was iv contrast given to the patient?,yes
2577,synpic36990,was gi contrast given to the patient?,no
2581,synpic18311,is this a noncontrast mri?,yes
2586,synpic46520,is this a noncontrast mri?,no
2588,synpic29459,is this an mri image?,yes
2592,synpic51912,is this a ct scan?,no
2600,synpic56854,is this an mri image?,no
2601,synpic50667,is this a t2 weighted image?,no
2612,synpic46878,is this a t1 weighted image?,no
2618,synpic54074,was iv contrast given to the patient?,yes
2619,synpic17898,is this a t1 weighted image?,no
2631,synpic30376,is this an mri image?,yes
2637,synpic59924,was the ct scan taken with contrast?,no
2641,synpic37621,was the ct scan taken with contrast?,yes
2645,synpic47938,is this a ct scan?,yes
2646,synpic47707,is this a ct scan?,yes
2653,synpic51229,is this a ct scan?,no
2655,synpic45897,is this a t2 weighted image?,no
2660,synpic35961,was iv contrast given to the patient?,yes
2661,synpic16073,was gi contrast given to the patient?,no
2664,synpic21861,is this a noncontrast ct?,yes
2665,synpic56739,is this a noncontrast mri?,no
2669,synpic21860,is this an mri image?,no
2670,synpic49068,is this a ct scan?,no
2674,synpic58194,is this an mri image?,no
2676,synpic26932,is this a t2 weighted image?,no
2677,synpic58014,is this a noncontrast mri?,no
2679,synpic31687,was iv contrast given to the patient?,yes
2682,synpic40485,is this an mri image?,yes
2684,synpic29916,was the ct scan taken with contrast?,no
2685,synpic42059,is 	this a t1 weighted image?,yes
2687,synpic27064,is this an mri image?,no
2689,synpic22835,is this a noncontrast ct?,no
2693,synpic27462,is this a t1 weighted image?,no
2695,synpic40413,is 	this a t1 weighted image?,yes
2698,synpic23065,is this a ct scan?,yes
2701,synpic38626,is this a t2 weighted image?,no
2702,synpic54068,is this a ct scan?,yes
2703,synpic56758,is this an mri image?,no
2704,synpic55974,is 	this a t1 weighted image?,yes
2707,synpic17931,is this a ct scan?,yes
2711,synpic38630,was the ct scan taken with contrast?,yes
2713,synpic42118,is this a t1 weighted image?,no
2718,synpic46650,is this an mri image?,no
2722,synpic56412,is this a noncontrast ct?,no
2723,synpic55208,is this a noncontrast ct?,yes
2724,synpic29032,is this a noncontrast mri?,no
2728,synpic15591,is this an mri image?,yes
2734,synpic45165,is this a t2 weighted image?,no
2735,synpic30495,is this a t2 weighted image?,no
2737,synpic35705,is this an mri image?,no
2738,synpic48506,is this a noncontrast ct?,no
2739,synpic23289,was gi contrast given to the patient?,no
2740,synpic34541,is 	this a t1 weighted image?,yes
2745,synpic42212,was iv contrast given to the patient?,yes
2747,synpic55498,was the ct scan taken with contrast?,no
2749,synpic38450,is this a ct scan?,yes
2752,synpic56199,is this a t2 weighted image?,no
2754,synpic17310,is this a t1 weighted image?,no
2757,synpic49959,is 	this a t1 weighted image?,yes
2759,synpic40836,is 	this a t1 weighted image?,yes
2760,synpic19338,is this a ct scan?,yes
2761,synpic44991,is this a noncontrast ct?,yes
2765,synpic26908,is this a ct scan?,no
2767,synpic37430,is this a t2 weighted image?,no
2770,synpic51293,is 	this a t1 weighted image?,yes
2775,synpic56406,was the mri taken with contrast?,yes
2777,synpic40521,is this an mri image?,no
2778,synpic45705,is this a t2 weighted image?,no
2779,synpic38218,is this a noncontrast mri?,no
2780,synpic30742,is this a ct scan?,yes
2783,synpic29220,was iv contrast given to the patient?,yes
2785,synpic26535,is this a ct scan?,yes
2786,synpic38841,is this a ct scan?,yes
2787,synpic50846,was the mri taken with contrast?,no
2789,synpic21431,was the ct scan taken with contrast?,no
2790,synpic21633,is this a ct scan?,no
2804,synpic54954,is this an mri image?,no
2805,synpic41335,is this a ct scan?,yes
2809,synpic52906,is this an mri image?,yes
2814,synpic30734,is this a ct scan?,yes
2815,synpic22011,is this a noncontrast ct?,no
2817,synpic24628,is this a t2 weighted image?,no
2820,synpic55589,is this a noncontrast mri?,no
2823,synpic28097,is this a t2 weighted image?,no
2826,synpic39028,is this an mri image?,yes
2828,synpic19533,was iv contrast given to the patient?,yes
2832,synpic52440,is this a t1 weighted image?,no
2836,synpic14954,was iv contrast given to the patient?,yes
2838,synpic25373,was the ct scan taken with contrast?,yes
2840,synpic55717,was the ct scan taken with contrast?,no
2841,synpic40065,is this an mri image?,no
2842,synpic46430,is this a ct scan?,no
2846,synpic30326,was gi contrast given to the patient?,no
2850,synpic40924,is this a t1 weighted image?,no
2853,synpic36246,is this a ct scan?,yes
2854,synpic23773,is this a t1 weighted image?,no
2855,synpic52967,is this a ct scan?,yes
2860,synpic55041,is this a noncontrast mri?,no
2861,synpic31660,is this a ct scan?,yes
2863,synpic20531,is this a noncontrast ct?,no
2864,synpic44440,is this a ct scan?,yes
2868,synpic54991,is this a ct scan?,yes
2870,synpic59929,is this a ct scan?,yes
2873,synpic48571,is this an mri image?,no
2877,synpic24454,was iv contrast given to the patient?,yes
2878,synpic55563,is this a noncontrast ct?,yes
2883,synpic56396,is this a t2 weighted image?,no
2886,synpic31716,is this a noncontrast ct?,no
2891,synpic29147,is this a noncontrast ct?,no
2896,synpic26818,is this an mri image?,yes
2898,synpic16429,is this a t2 weighted image?,no
2899,synpic48717,was the ct scan taken with contrast?,no
2902,synpic41873,is this a t1 weighted image?,no
2904,synpic50025,is this a noncontrast mri?,yes
2907,synpic59658,is this a ct scan?,yes
2915,synpic55541,is this an mri image?,no
2918,synpic30468,was the ct scan taken with contrast?,no
2919,synpic56988,was the mri taken with contrast?,yes
2920,synpic41692,is this an mri image?,yes
2921,synpic55711,is this a t2 weighted image?,no
2922,synpic32726,is this a noncontrast ct?,no
2923,synpic38503,was gi contrast given to the patient?,no
2924,synpic56278,was iv contrast given to the patient?,yes
2926,synpic25021,is this a noncontrast ct?,no
2927,synpic53239,is this a ct scan?,yes
2928,synpic50342,is this a ct scan?,yes
2935,synpic45778,is this a ct scan?,yes
2937,synpic31506,is this a ct scan?,yes
2938,synpic46657,is this a t1 weighted image?,no
2939,synpic41139,is this a ct scan?,yes
2940,synpic39021,is this a t2 weighted image?,no
2942,synpic46752,is this an mri image?,yes
2944,synpic21727,was the ct scan taken with contrast?,no
2946,synpic47559,is this a noncontrast ct?,yes
2948,synpic27620,was the ct scan taken with contrast?,yes
2956,synpic39725,is 	this a t1 weighted image?,yes
2959,synpic35369,is this an mri image?,yes
2960,synpic21793,is this a t2 weighted image?,no
2961,synpic60628,is 	this a t1 weighted image?,yes
2963,synpic38936,is this a noncontrast mri?,no
2964,synpic53237,was the ct scan taken with contrast?,no
2967,synpic36193,is this a noncontrast ct?,yes
2968,synpic45975,is this a t2 weighted image?,no
2969,synpic46709,is this an mri image?,no
2982,synpic41492,is this a t2 weighted image?,no
2983,synpic20353,is this a noncontrast ct?,yes
2986,synpic28492,is this an mri image?,no
2987,synpic36777,was the mri taken with contrast?,yes
2992,synpic35347,is this a noncontrast mri?,yes
3003,synpic31357,is this a ct scan?,yes
3006,synpic53173,was the ct scan taken with contrast?,no
3008,synpic59019,is this a ct scan?,no
3009,synpic48298,was the ct scan taken with contrast?,no
3011,synpic55710,is 	this a t1 weighted image?,yes
3014,synpic41291,is this a t2 weighted image?,no
3015,synpic52495,is this a t1 weighted image?,no
3019,synpic27303,is this a ct scan?,no
3022,synpic36071,is this a t1 weighted image?,no
3023,synpic43056,is this a ct scan?,yes
3026,synpic49125,is this a noncontrast ct?,yes
3028,synpic57413,is this a noncontrast mri?,yes
3029,synpic58453,is this a t2 weighted image?,no
3031,synpic16198,was iv contrast given to the patient?,no
3033,synpic23294,is this a noncontrast mri?,yes
3040,synpic37886,was the ct scan taken with contrast?,yes
3043,synpic47973,is this an mri image?,no
3044,synpic50387,was gi contrast given to the patient?,no
3046,synpic52115,was the mri taken with contrast?,no
3047,synpic53335,was the mri taken with contrast?,yes
3048,synpic56783,is this a t2 weighted image?,no
3054,synpic24348,is this a noncontrast ct?,yes
3060,synpic39078,is this a t2 weighted image?,no
3066,synpic51569,is this a ct scan?,no
3069,synpic57259,is this an mri image?,no
3081,synpic28895,is this a ct scan?,no
3083,synpic31831,is this a t1 weighted image?,no
3084,synpic32276,is this a noncontrast ct?,yes
3085,synpic34214,is this a t1 weighted image?,no
3086,synpic36702,is this an mri image?,no
3087,synpic37562,was gi contrast given to the patient?,no
3088,synpic37874,is this a noncontrast mri?,yes
3090,synpic40892,is this a ct scan?,no
3092,synpic41294,is this an mri image?,yes
3095,synpic42080,was the mri taken with contrast?,no
3098,synpic47044,is 	this a t1 weighted image?,yes
3100,synpic49514,is this a noncontrast mri?,no
3102,synpic51078,was the mri taken with contrast?,yes
3104,synpic53046,is this a t1 weighted image?,no
3109,synpic58471,is this an mri image?,yes
3110,synpic59533,was the mri taken with contrast?,yes
3112,synpic35690,is this a noncontrast mri?,yes
3114,synpic16121,is this a ct scan?,yes
3123,synpic35676,is 	this a t1 weighted image?,yes
3126,synpic35695,is this a t2 weighted image?,no
3127,synpic21779,is this a noncontrast ct?,yes
3131,synpic48035,was the ct scan taken with contrast?,no
3132,synpic48039,is this an mri image?,no
3135,synpic16120,is this a noncontrast ct?,yes
3136,synpic16122,is this a ct scan?,yes
3148,synpic35673,is this an mri image?,yes
3150,synpic35688,is this a ct scan?,no
3152,synpic17687,is this a t2 weighted image?,no
3169,synpic35667,is this a noncontrast mri?,yes
3171,synpic35671,is 	this a t1 weighted image?,yes
3172,synpic35674,is 	this a t1 weighted image?,yes
3173,synpic35699,is this a t2 weighted image?,no
3174,synpic39180,was iv contrast given to the patient?,no
3178,synpic54892,is this a t2 weighted image?,no
3179,synpic54898,was the mri taken with contrast?,no
3191,synpic26843,is this a ct scan?,no
3192,synpic28827,is 	this a t1 weighted image?,yes
3195,synpic35685,is this a t2 weighted image?,no
3196,synpic35687,is this a t2 weighted image?,no
3198,synpic48036,is this a noncontrast ct?,yes
3199,synpic54897,is this a ct scan?,no
9734,synpic57969,does this image look normal?,no
9800,synpic47344,is the mri normal?,no
9804,synpic51715,is the mri normal?,no
10080,synpic51641,is there something wrong in the image?,yes
10125,synpic35181,is this a normal mri?,no
10611,synpic50808,is there something wrong in the image?,yes
10717,synpic59257,are there abnormalities in this mri?,yes
10932,synpic43656,is there something wrong in the image?,yes
11102,synpic42219,is there evidence of any abnormalities?,yes
11180,synpic61066,are there abnormalities in this mri?,yes
11541,synpic51871,is this image normal?,no
11841,synpic26311,does this image look normal?,no
11852,synpic36499,is the x-ray normal?,yes
11880,synpic36495,does this image look normal?,yes
12027,synpic17207,does this image look normal?,no
12036,synpic36390,are there abnormalities in this ct scan?,yes
12335,synpic30495,is this image normal?,no
12344,synpic19751,is there an abnormality in the mri?,yes
12430,synpic18134,is there an abnormality in the x-ray?,yes
12596,synpic36494,are there abnormalities in this x-ray?,no
12628,synpic58453,is there evidence of any abnormalities?,no
12641,synpic36489,is this a normal x-ray?,yes
12703,synpic25793,are there abnormalities in this mammograph?,no
12704,synpic35690,is this a normal mri?,yes
12705,synpic54544,is there something wrong in the image?,no
12706,synpic16121,are there abnormalities in this ct scan?,no
12707,synpic24026,does this image look normal?,yes
12708,synpic25074,is this a normal x-ray?,yes
12709,synpic25639,is this image normal?,yes
12710,synpic25642,is there an abnormality in the x-ray?,no
12711,synpic25654,is this image normal?,yes
12712,synpic25660,is there an abnormality in the x-ray?,no
12713,synpic26283,is there evidence of any abnormalities?,no
12714,synpic28398,does this image look normal?,yes
12715,synpic35676,is the mri normal?,yes
12716,synpic35679,is there an abnormality in the mri?,no
12717,synpic35692,is this a normal mri?,yes
12718,synpic35695,is the mri normal?,yes
12720,synpic41953,are there abnormalities in this gastrointestinal image?,no
12721,synpic41954,are there abnormalities in this gastrointestinal image?,no
12722,synpic41956,is there evidence of any abnormalities?,no
12723,synpic48035,is there an abnormality in the ct scan?,no
12724,synpic48039,is the ct scan normal?,yes
12725,synpic54541,is the nuclear medicine image normal?,yes
12726,synpic54894,is there evidence of any abnormalities?,no
12727,synpic16120,is there an abnormality in the ct scan?,no
12728,synpic16122,is this a normal ct scan?,yes
12729,synpic18103,is this a normal angiogram?,yes
12730,synpic18105,is this a normal angiogram?,yes
12731,synpic18106,does this image look normal?,yes
12732,synpic25635,is there an abnormality in the x-ray?,no
12733,synpic25652,is there an abnormality in the x-ray?,no
12734,synpic25657,does this image look normal?,yes
12735,synpic25749,are there abnormalities in this x-ray?,no
12736,synpic25798,is the gastrointestinal image normal?,yes
12737,synpic26844,is there something wrong in the image?,no
12738,synpic35670,does this image look normal?,yes
12739,synpic35672,does this image look normal?,yes
12740,synpic35673,does this image look normal?,yes
12741,synpic35680,does this image look normal?,yes
12742,synpic35688,does this image look normal?,yes
12743,synpic54895,is this a normal mri?,yes
12744,synpic17687,is this a normal mri?,yes
12745,synpic18668,is there something wrong in the image?,no
12746,synpic18670,are there abnormalities in this ultrasound?,no
12747,synpic24025,is this a normal ultrasound?,yes
12748,synpic25073,does this image look normal?,yes
12749,synpic25619,does this image look normal?,yes
12750,synpic25631,is there an abnormality in the x-ray?,no
12751,synpic25640,is this a normal x-ray?,yes
12752,synpic25655,is the x-ray normal?,yes
12753,synpic25787,is there evidence of any abnormalities?,no
12754,synpic25796,is there something wrong in the image?,no
12755,synpic26416,is this image normal?,yes
12756,synpic26845,is this image normal?,yes
12757,synpic26846,is there something wrong in the image?,no
12758,synpic33350,is there something wrong in the image?,no
12759,synpic34660,is there an abnormality in the x-ray?,no
12760,synpic34662,is there evidence of any abnormalities?,no
12761,synpic35667,is the mri normal?,yes
12762,synpic35668,is the mri normal?,yes
12763,synpic35671,is there something wrong in the image?,no
12764,synpic35674,is this a normal mri?,yes
12765,synpic35699,are there abnormalities in this mri?,no
12766,synpic39180,is the ct scan normal?,yes
12767,synpic41951,is there something wrong in the image?,no
12768,synpic41952,is this a normal gastrointestinal image?,yes
12769,synpic54543,does this image look normal?,yes
12770,synpic54892,are there abnormalities in this mri?,no
12771,synpic54898,is there evidence of any abnormalities?,no
12772,synpic4288,is there an abnormality in the ct scan?,no
12773,synpic18104,is this image normal?,yes
12774,synpic18667,is there evidence of any abnormalities?,no
12775,synpic18669,is this a normal ultrasound?,yes
12776,synpic18671,does this image look normal?,yes
12777,synpic18672,is this image normal?,yes
12778,synpic25649,are there abnormalities in this x-ray?,no
12779,synpic25650,is the x-ray normal?,yes
12780,synpic25662,does this image look normal?,yes
12781,synpic25797,does this image look normal?,yes
12782,synpic26841,is this image normal?,yes
12783,synpic26843,is this a normal mri?,yes
12784,synpic28827,is there something wrong in the image?,no
12785,synpic34659,is this image normal?,yes
12786,synpic34661,does this image look normal?,yes
12787,synpic35685,is this image normal?,yes
12788,synpic35687,is there something wrong in the image?,no
12789,synpic35701,is there evidence of any abnormalities?,no
12790,synpic48036,is the ct scan normal?,yes
12791,synpic54897,is there an abnormality in the mri?,no
